<?xml version="1.0" encoding="UTF-8"?>
<Configuration status="trace" name="MyStoreSeleniumTests">
	<!-- Define custom levels before using them for filtering below. -->
	<CustomLevels>
		<CustomLevel name="PASS" intLevel="450" />
		<CustomLevel name="FAIL" intLevel="250" />
	</CustomLevels>
	<Appenders>
		<Console name="Console" target="SYSTEM_OUT">
			<!--<PatternLayout pattern="%-4r %d{HH:mm:ss.SSS} [%t] %-5level %logger{36} 
				- %msg%n"/> %d{HH:mm:ss.SSS} %-5level - %msg%n -->
			<PatternLayout pattern="%d{HH:mm:ss.SSS} %-5level - %msg%n" />
		</Console>

		<!-- see http://logging.apache.org/log4j/2.x/manual/appenders.html#FileAppender -->
		<File name="FileAppender" fileName="logs/test.log">
			<PatternLayout pattern="%d{dd/MM/yyyy 'at' HH:mm:ss.SSS} %-5level --- %msg%n" />
		</File>
	</Appenders>
	<Loggers>
		<logger name="org.apache.http.wire" level="OFF" />
		<logger name="org.apache.http.client" level="OFF" />
		<logger name="org.apache.xerces.parsers.SAXParser" level="OFF" />
		<logger name="org.hibernate" level="OFF" />
		<logger name="log4j.logger.httpclient.wire.header" level="error"
			additivity="false">
			<AppenderRef ref="ASYNC" />
		</logger>
		<Root level="debug">
			<AppenderRef ref="Console" />
			<AppenderRef ref="FileAppender" />
		</Root>
	</Loggers>
</Configuration>
