<?xml version="1.0" encoding="UTF-8"?>
<!DOCTYPE suite SYSTEM "http://testng.org/testng-1.0.dtd">
<suite name="Automation Suite" allow-return-values="true"
	parallel="classes" thread-count="1" preserve-order="false">
	<test name="MyDevice_Test_Package" parallel="classes"
		thread-count="1" preserve-order="false">
		<!-- <classes> <class name="com.mystore.tests.DemoTestClass1" /> <class 
			name="com.mystore.tests.DemoTestClass2" /> <class name="com.mystore.tests.PCVTests" 
			/> <class name="com.mystore.tests.DemoTestClass2" /> </classes> -->
		<packages>
			<package name="com.mystore.tests.*" />
		</packages>
	</test> <!-- Test -->
	<listeners>
		<listener class-name="com.mystore.utils.TestBase"></listener>
		<listener class-name="com.mystore.utils.MethodInterceptorListener"></listener>
		<listener class-name="com.mystore.utils.TestNGStarterFinishListener"></listener>
		<!-- <listener class-name="com.mystore.utils.TestNGAnnotationTransformer"></listener> -->
	</listeners>
</suite> <!-- Suite -->
